"TableName","RowCount","ColumnCount","Columns"
"AccountHead","256","6","code (INTEGER), name (TEXT), address (TEXT), mobile (TEXT), credit (DOUBLE PRECISION), debit (DOUBLE PRECISION)"
"ADJUSTMENT","11","2","UNIT (INTEGER), ML (INTEGER)"
"BackupDrive","1","2","ID (INTEGER), BakDrv (TEXT)"
"BILLFINAL","3693","19","BILLNO (INTEGER), TABLE_NO (TEXT), WAITER (TEXT), DATE (TIMESTAMP), PAID (INTEGER), TYPE (TEXT), CUST_NAME (TEXT), SERVICE_CHARGE (INTEGER), DISCOUNT (INTEGER), TOTAL (INTEGER), BILLDAY (INTEGER), TIME (TIMESTAMP), CLIENTID (INTEGER), OPERATOR (TEXT), INTIME (TIMESTAMP), CGST (DOUBLE PRECISION), SGST (DOUBLE PRECISION), FOODTOT (INTEGER), SECTIONS (TEXT)"
"BILLFINAL_Dayend","0","19","BILLNO (INTEGER), TABLE_NO (TEXT), WAITER (TEXT), DATE (TIMESTAMP), PAID (INTEGER), TYPE (TEXT), CUST_NAME (TEXT), SERVICE_CHARGE (INTEGER), DISCOUNT (INTEGER), TOTAL (INTEGER), BILLDAY (INTEGER), TIME (TIMESTAMP), CLIENTID (INTEGER), OPERATOR (TEXT), INTIME (TIMESTAMP), CGST (DOUBLE PRECISION), SGST (DOUBLE PRECISION), FOODTOT (INTEGER), SECTIONS (TEXT)"
"BILLKOT","0","11","BILLNO (INTEGER), TABLE_NO (TEXT), WAITER (TEXT), DATE (TIMESTAMP), PAID (INTEGER), PRINT (INTEGER), UID (INTEGER), CLIENTID (INTEGER), OPERATOR (TEXT), BILLREF (TEXT), TOpen (INTEGER)"
"BILLKOT_TBLSHOW","0","11","BILLNO (INTEGER), TABLE_NO (TEXT), WAITER (TEXT), DATE (TIMESTAMP), PAID (INTEGER), PRINT (INTEGER), UID (INTEGER), CLIENTID (INTEGER), OPERATOR (TEXT), BILLREF (TEXT), TOpen (INTEGER)"
"BILLREPORT","0","6","BILLNO (TEXT), TABLE_NO (TEXT), AMOUNT (INTEGER), DATE (TEXT), INTIME (TEXT), OUTTIME (TEXT)"
"BRANDML","741","3","BRAND (TEXT), ML (INTEGER), TOTALML (INTEGER)"
"BtPerCase","12","2","Unit (INTEGER), CaseBott (INTEGER)"
"CancelKot","1389","9","BILLNO (INTEGER), TABLE_NO (TEXT), SRNO (INTEGER), ITEM (TEXT), QTY (INTEGER), RATE (INTEGER), AMT (INTEGER), Date (TIMESTAMP), waiter (TEXT)"
"CashBookOpen","11","3","date (TIMESTAMP), type (TEXT), amt (DOUBLE PRECISION)"
"CashTransfer","1","8","code (INTEGER), amt (DOUBLE PRECISION), date (TIMESTAMP), creditTo (TEXT), crname (TEXT), debit (TEXT), dbname (TEXT), narr (TEXT)"
"cBilNumber","1","4","ID (INTEGER), ExbilNmbr (INTEGER), ExSrNmbr (INTEGER), RefNo (INTEGER)"
"CNTLOOSE","0","9","code (INTEGER), item (TEXT), stock (TEXT), dept (TEXT), type (TEXT), unit (INTEGER), packing (TEXT), TOTALML (INTEGER), BRAND (TEXT)"
"CNTLOOSE_LIVE","757","9","code (TEXT), item (TEXT), stock (TEXT), dept (TEXT), type (TEXT), unit (INTEGER), packing (TEXT), TOTALML (INTEGER), BRAND (TEXT)"
"CNTLOOSE_LIVE_111","0","9","code (TEXT), item (TEXT), stock (TEXT), dept (TEXT), type (TEXT), unit (INTEGER), packing (TEXT), TOTALML (INTEGER), BRAND (TEXT)"
"CNTPACK","0","18","code (INTEGER), item (TEXT), stock (TEXT), dept (TEXT), type (TEXT), unit (INTEGER), packing (TEXT), salerate (INTEGER), RECIEVED (INTEGER), OPENING (INTEGER), OOPEN (INTEGER), SALE (INTEGER), SALELOOSE (INTEGER), CLOSING (INTEGER), CLOSINGLOOSE (INTEGER), BRAND (TEXT), TOTALPACK (INTEGER), TOTALLOOSE (INTEGER)"
"CNTPACK_LIVE","1934","22","code (TEXT), item (TEXT), stock (TEXT), dept (TEXT), type (TEXT), unit (INTEGER), packing (TEXT), salerate (INTEGER), RECIEVED (INTEGER), OPENING (INTEGER), OOPEN (INTEGER), SALE (INTEGER), SALELOOSE (INTEGER), CLOSING (INTEGER), CLOSINGLOOSE (INTEGER), BRAND (TEXT), TOTALPACK (INTEGER), TOTALLOOSE (INTEGER), Opnbotlqty (INTEGER), AddAdjml (INTEGER), MinusAdjml (INTEGER), DATE1 (TIMESTAMP)"
"CNTPACK_LIVE_222","0","22","code (TEXT), item (TEXT), stock (TEXT), dept (TEXT), type (TEXT), unit (INTEGER), packing (TEXT), salerate (INTEGER), RECIEVED (INTEGER), OPENING (INTEGER), OOPEN (INTEGER), SALE (INTEGER), SALELOOSE (INTEGER), CLOSING (INTEGER), CLOSINGLOOSE (INTEGER), BRAND (TEXT), TOTALPACK (INTEGER), TOTALLOOSE (INTEGER), Opnbotlqty (INTEGER), AddAdjml (INTEGER), MinusAdjml (INTEGER), DATE1 (TIMESTAMP)"
"CNTPACK_LIVE_DAYEND","8256","22","code (TEXT), item (TEXT), stock (TEXT), dept (TEXT), type (TEXT), unit (INTEGER), packing (TEXT), salerate (INTEGER), RECIEVED (INTEGER), OPENING (INTEGER), OOPEN (INTEGER), SALE (INTEGER), SALELOOSE (INTEGER), CLOSING (INTEGER), CLOSINGLOOSE (INTEGER), BRAND (TEXT), TOTALPACK (INTEGER), TOTALLOOSE (INTEGER), Opnbotlqty (INTEGER), AddAdjml (INTEGER), MinusAdjml (INTEGER), DATE1 (TIMESTAMP)"
"CNTPACK1","0","18","code (INTEGER), item (TEXT), stock (TEXT), dept (TEXT), type (TEXT), unit (INTEGER), packing (TEXT), salerate (INTEGER), RECIEVED (INTEGER), OPENING (INTEGER), OOPEN (INTEGER), SALE (INTEGER), SALELOOSE (INTEGER), CLOSING (INTEGER), CLOSINGLOOSE (INTEGER), BRAND (TEXT), TOTALPACK (INTEGER), TOTALLOOSE (INTEGER)"
"CntRecieved","0","13","code (INTEGER), item (TEXT), stock (TEXT), dept (TEXT), type (TEXT), unit (INTEGER), packing (TEXT), salerate (INTEGER), Received (INTEGER), BRAND (TEXT), DATE (TIMESTAMP), CLIENTID (DOUBLE PRECISION), RefNo (INTEGER)"
"CntRecieved_N","0","13","code (INTEGER), item (TEXT), stock (TEXT), dept (TEXT), type (TEXT), unit (INTEGER), packing (TEXT), salerate (INTEGER), Received (INTEGER), BRAND (TEXT), DATE (TIMESTAMP), CLIENTID (DOUBLE PRECISION), RefNo (INTEGER)"
"ContactList","0","10","code (INTEGER), name (TEXT), address (TEXT), phone (TEXT), ListSelsected (INTEGER), RelationType (TEXT), dob (TIMESTAMP), WeadingAni_Date (TIMESTAMP), Occuption (TEXT), debit (INTEGER)"
"ContactList_Temp","0","3","code (INTEGER), name (TEXT), phone (TEXT)"
"CounterSockDayend","0","19","code (INTEGER), item (TEXT), stock (TEXT), dept (TEXT), type (TEXT), unit (INTEGER), packing (TEXT), salerate (INTEGER), RECIEVED (INTEGER), OPENING (INTEGER), OOPEN (INTEGER), SALE (INTEGER), SALELOOSE (INTEGER), CLOSING (INTEGER), CLOSINGLOOSE (INTEGER), BRAND (TEXT), TOTALPACK (INTEGER), TOTALLOOSE (INTEGER), Date (TIMESTAMP)"
"Customer","0","11","name (TEXT), address (TEXT), phone (INTEGER), schedule (TEXT), card (INTEGER), discount (INTEGER), code (INTEGER), creditbal (INTEGER), debitbal (INTEGER), customer (TEXT), vendor (TEXT)"
"dateLckMaster","1","5","ID (INTEGER), datefrom (TIMESTAMP), dateto (TIMESTAMP), temppassword (TEXT), masterpassword (TEXT)"
"datelock","1","9","ID (INTEGER), datefrom (TIMESTAMP), dateto (TIMESTAMP), datefirstlock (TIMESTAMP), datesecondlock (TIMESTAMP), firstlock (INTEGER), secondlock (INTEGER), firstlockpassword (TEXT), secondlockpassword (TEXT)"
"DAYEND","1","2","ID (INTEGER), DATE (TIMESTAMP)"
"Deal_Name","1","2","code (INTEGER), DealNm (TEXT)"
"dk","0","19","BILLFINAL_BILLNO (INTEGER), BILLFINAL_TABLE_NO (TEXT), WAITER (TEXT), BILLFINAL_DATE (TIMESTAMP), PAID (INTEGER), TYPE (TEXT), CUST_NAME (TEXT), SERVICE_CHARGE (INTEGER), DISCOUNT (INTEGER), TOTAL (INTEGER), BILLDAY (INTEGER), finalbill_BILLNO (INTEGER), finalbill_TABLE_NO (TEXT), SRNO (INTEGER), ITEM (TEXT), QTY (INTEGER), RATE (INTEGER), AMT (INTEGER), finalbill_DATE (TIMESTAMP)"
"DryDates","0","2","code (INTEGER), Dates (TIMESTAMP)"
"ExciseBilNumber","0","3","ID (INTEGER), ExbilNmbr (INTEGER), ExSrNmbr (INTEGER)"
"ExciseClosingAutoSale","1873","17","code (INTEGER), item (TEXT), stock (TEXT), dept (TEXT), type (TEXT), unit (INTEGER), packing (TEXT), salerate (INTEGER), OPENING (INTEGER), OpenTemp (INTEGER), Receive (INTEGER), SALE (INTEGER), CLOSING (INTEGER), BRAND (TEXT), TOTALPACK (INTEGER), DATE1 (TIMESTAMP), ClosingCurrent (INTEGER)"
"ExciseInfo","0","4","PreHldCode (INTEGER), LastExDate (TIMESTAMP), TmlLimit (TEXT), QtyLimit (TEXT)"
"ExciseMonthlyStat","1873","23","code (INTEGER), item (TEXT), stock (TEXT), dept (TEXT), type (TEXT), unit (INTEGER), packing (TEXT), salerate (INTEGER), OPENING (INTEGER), OpenTemp (INTEGER), Purchase (INTEGER), SALE (INTEGER), CLOSING (INTEGER), BRAND (TEXT), TOTALPACK (INTEGER), DATE (TIMESTAMP), OPENINGMONTH (INTEGER), RECEIVEDMONTH (INTEGER), RECEIVED1APR (INTEGER), SELLMONTH (INTEGER), SELL1APR (INTEGER), BREAKAGE (INTEGER), CLOSINGMONTH (INTEGER)"
"ExciseOpening","1873","16","code (INTEGER), item (TEXT), stock (TEXT), dept (TEXT), type (TEXT), unit (INTEGER), packing (TEXT), salerate (INTEGER), OPENING (INTEGER), OpenTemp (INTEGER), Purchase (INTEGER), SALE (INTEGER), CLOSING (INTEGER), BRAND (TEXT), TOTALPACK (INTEGER), DATE (TIMESTAMP)"
"ExciseOpening_B","0","16","code (INTEGER), item (TEXT), stock (TEXT), dept (TEXT), type (TEXT), unit (INTEGER), packing (TEXT), salerate (INTEGER), OPENING (INTEGER), OpenTemp (INTEGER), Purchase (INTEGER), SALE (INTEGER), CLOSING (INTEGER), BRAND (TEXT), TOTALPACK (INTEGER), DATE (TIMESTAMP)"
"ExciseOpeningTemp","0","18","code (INTEGER), item (TEXT), stock (TEXT), dept (TEXT), type (TEXT), unit (INTEGER), packing (TEXT), salerate (INTEGER), RECIEVED (INTEGER), OPENING (INTEGER), OpenTemp (INTEGER), SALE (INTEGER), SALELOOSE (INTEGER), CLOSING (INTEGER), CLOSINGLOOSE (INTEGER), BRAND (TEXT), TOTALPACK (INTEGER), TOTALLOOSE (INTEGER)"
"ExcisePath","1","2","ID (INTEGER), path (TEXT)"
"ExFinalBill","0","8","srno (INTEGER), invoice (INTEGER), date (TIMESTAMP), name (TEXT), license (INTEGER), validity (TEXT), address (TEXT), amt (DOUBLE PRECISION)"
"ExFinalBillDetails","0","11","srno (INTEGER), invoice (INTEGER), date (TIMESTAMP), item (TEXT), qty (INTEGER), rate (DOUBLE PRECISION), amt (INTEGER), type (TEXT), unit (INTEGER), packing (TEXT), brand (TEXT)"
"ExFinalBillDetailsTemp","0","11","srno (INTEGER), invoice (INTEGER), date (TIMESTAMP), item (TEXT), qty (INTEGER), rate (DOUBLE PRECISION), amt (INTEGER), type (TEXT), unit (INTEGER), packing (TEXT), brand (TEXT)"
"ExFinalBillTemp","0","8","srno (INTEGER), invoice (INTEGER), date (TIMESTAMP), name (TEXT), license (INTEGER), validity (TEXT), address (TEXT), amt (DOUBLE PRECISION)"
"ExPremiteHolder","524","10","code (INTEGER), name (TEXT), licence (INTEGER), validity (TEXT), phone (TEXT), Address (TEXT), credit (DOUBLE PRECISION), debit (DOUBLE PRECISION), Issued (TIMESTAMP), Expiry (TIMESTAMP)"
"ExStoreInfo","1","8","code (INTEGER), PerHldId (TEXT), date (TIMESTAMP), dateopening (TIMESTAMP), MlLimit (TEXT), QtyLimit (TEXT), exyear (TEXT), SelfDate (TIMESTAMP)"
"ExTemp","0","10","ITEM (TEXT), QTY (INTEGER), RATE (INTEGER), AMT (INTEGER), DATE (TIMESTAMP), DEPT (TEXT), TYPE (TEXT), UNIT (INTEGER), PACKING (TEXT), BRAND (TEXT)"
"ExUnitLimit","11","2","Unit (INTEGER), Limit (TEXT)"
"finalbill","13400","17","BILLNO (INTEGER), TABLE_NO (TEXT), SRNO (INTEGER), ITEM (TEXT), QTY (INTEGER), RATE (INTEGER), AMT (INTEGER), DATE (TIMESTAMP), DEPT (TEXT), TYPE (TEXT), UNIT (INTEGER), PACKING (TEXT), BRAND (TEXT), BILLTYPE (TEXT), CLIENTID (INTEGER), OPERATOR (TEXT), SECTIONS (TEXT)"
"finalbill_Dayend","0","17","BILLNO (INTEGER), TABLE_NO (TEXT), SRNO (INTEGER), ITEM (TEXT), QTY (INTEGER), RATE (INTEGER), AMT (INTEGER), DATE (TIMESTAMP), DEPT (TEXT), TYPE (TEXT), UNIT (INTEGER), PACKING (TEXT), BRAND (TEXT), BILLTYPE (TEXT), CLIENTID (INTEGER), OPERATOR (TEXT), SECTIONS (TEXT)"
"finalbill_Excise","0","17","BILLNO (INTEGER), TABLE_NO (TEXT), SRNO (INTEGER), ITEM (TEXT), QTY (INTEGER), RATE (INTEGER), AMT (INTEGER), DATE (TIMESTAMP), DEPT (TEXT), TYPE (TEXT), UNIT (INTEGER), PACKING (TEXT), BRAND (TEXT), BILLTYPE (TEXT), CLIENTID (INTEGER), OPERATOR (TEXT), SECTIONS (TEXT)"
"finalbill_Excise1","0","17","BILLNO (INTEGER), TABLE_NO (TEXT), SRNO (INTEGER), ITEM (TEXT), QTY (INTEGER), RATE (INTEGER), AMT (INTEGER), DATE (TIMESTAMP), DEPT (TEXT), TYPE (TEXT), UNIT (INTEGER), PACKING (TEXT), BRAND (TEXT), BILLTYPE (TEXT), CLIENTID (INTEGER), OPERATOR (TEXT), SECTIONS (TEXT)"
"finalbill_LoosAmt","0","17","BILLNO (INTEGER), TABLE_NO (TEXT), SRNO (INTEGER), ITEM (TEXT), QTY (INTEGER), RATE (INTEGER), AMT (INTEGER), DATE (TIMESTAMP), DEPT (TEXT), TYPE (TEXT), UNIT (INTEGER), PACKING (TEXT), BRAND (TEXT), BILLTYPE (TEXT), CLIENTID (INTEGER), OPERATOR (TEXT), SECTIONS (TEXT)"
"finalbillcopy","13209","14","BILLNO (INTEGER), TABLE_NO (TEXT), SRNO (INTEGER), ITEM (TEXT), QTY (INTEGER), RATE (INTEGER), AMT (INTEGER), DATE (TIMESTAMP), DEPT (TEXT), TYPE (TEXT), UNIT (INTEGER), PACKING (TEXT), BRAND (TEXT), SECTIONS (TEXT)"
"finalbillcopy_Dayend","0","14","BILLNO (INTEGER), TABLE_NO (TEXT), SRNO (INTEGER), ITEM (TEXT), QTY (INTEGER), RATE (INTEGER), AMT (INTEGER), DATE (TIMESTAMP), DEPT (TEXT), TYPE (TEXT), UNIT (INTEGER), PACKING (TEXT), BRAND (TEXT), SECTIONS (TEXT)"
"FoodIssue","0","6","code (INTEGER), date (TIMESTAMP), issueto (TEXT), name (TEXT), qty (INTEGER), amt (DOUBLE PRECISION)"
"FoodPurchase","0","9","code (INTEGER), tpno (INTEGER), billno (INTEGER), item (TEXT), packing (TEXT), unit (INTEGER), qty (INTEGER), rate (DOUBLE PRECISION), amt (DOUBLE PRECISION)"
"FoodPurchaseFinal","0","13","code (INTEGER), name (TEXT), tpno (INTEGER), tpdate (TIMESTAMP), billno (INTEGER), billdate (TIMESTAMP), carting (DOUBLE PRECISION), extracharge (DOUBLE PRECISION), discount (DOUBLE PRECISION), total (DOUBLE PRECISION), taxamt (DOUBLE PRECISION), invamt (DOUBLE PRECISION), paytype (TEXT)"
"FoodStock","0","16","code (INTEGER), item (TEXT), stock (TEXT), dept (TEXT), type (TEXT), unit (INTEGER), packing (TEXT), salerate (INTEGER), OPENING (INTEGER), OpenTemp (INTEGER), Purchase (INTEGER), Recieved (INTEGER), CLOSING (INTEGER), BRAND (TEXT), TOTALPACK (INTEGER), DATE (TIMESTAMP)"
"GodownStock","1926","16","code (INTEGER), item (TEXT), stock (TEXT), dept (TEXT), type (TEXT), unit (INTEGER), packing (TEXT), salerate (INTEGER), OPENING (INTEGER), OpenTemp (INTEGER), Purchase (INTEGER), Recieved (INTEGER), CLOSING (INTEGER), BRAND (TEXT), TOTALPACK (INTEGER), DATE (TIMESTAMP)"
"GrandBill","3693","19","BILLNO (INTEGER), TABLE_NO (TEXT), WAITER (TEXT), DATE (TIMESTAMP), PAID (INTEGER), TYPE (TEXT), CUST_NAME (TEXT), SERVICE_CHARGE (INTEGER), DISCOUNT (INTEGER), TOTAL (TEXT), BILLDAY (INTEGER), TIME (TIMESTAMP), CLIENTID (INTEGER), OPERATOR (TEXT), INTIME (TIMESTAMP), CGST (DOUBLE PRECISION), SGST (DOUBLE PRECISION), FOODTOT (INTEGER), SECTIONS (TEXT)"
"GrandBillDetails","13400","16","BILLNO (INTEGER), TABLE_NO (TEXT), SRNO (INTEGER), ITEM (TEXT), QTY (INTEGER), RATE (INTEGER), AMT (INTEGER), DATE (TIMESTAMP), DEPT (TEXT), TYPE (TEXT), UNIT (INTEGER), PACKING (TEXT), BRAND (TEXT), CLIENTID (INTEGER), OPERATOR (TEXT), SECTIONS (TEXT)"
"GrandBillDetailscopy","13209","14","BILLNO (INTEGER), TABLE_NO (TEXT), SRNO (INTEGER), ITEM (TEXT), QTY (INTEGER), RATE (INTEGER), AMT (INTEGER), DATE (TIMESTAMP), DEPT (TEXT), TYPE (TEXT), UNIT (INTEGER), PACKING (TEXT), BRAND (TEXT), SECTIONS (TEXT)"
"GrandBillDetailscopy_Dayend","0","14","BILLNO (INTEGER), TABLE_NO (TEXT), SRNO (INTEGER), ITEM (TEXT), QTY (INTEGER), RATE (INTEGER), AMT (INTEGER), DATE (TIMESTAMP), DEPT (TEXT), TYPE (TEXT), UNIT (INTEGER), PACKING (TEXT), BRAND (TEXT), SECTIONS (TEXT)"
"HotelInfo","1","16","code (INTEGER), name (TEXT), address (TEXT), city (TEXT), licno (TEXT), RuleUsed (TEXT), RuleHeading (TEXT), Vattin (TEXT), upi_id (TEXT), BankAcName (TEXT), beer (TEXT), Exciseaddress (TEXT), exname (TEXT), exadd (TEXT), AdminMobile (TEXT), Email (TEXT)"
"item","1607","19","code (TEXT), item (TEXT), stock (TEXT), dept (TEXT), type (TEXT), unit (INTEGER), packing (TEXT), salerate (INTEGER), exciserate (INTEGER), purchaserate (INTEGER), bottel (INTEGER), openingstock (INTEGER), FAMILYRATE (INTEGER), VIPRATE (INTEGER), ACRATE (INTEGER), WHOLESALE (INTEGER), BRAND (TEXT), Marathi (TEXT), IT_CODE (TEXT)"
"ItemDept","39","6","code (INTEGER), name (TEXT), child (INTEGER), setup (INTEGER), id (INTEGER), printer (TEXT)"
"k","0","3","ID (INTEGER), PATH (TEXT), TYPE (TEXT)"
"KOT","0","8","BILLNO (INTEGER), TABLE_NO (TEXT), SRNO (INTEGER), ITEM (TEXT), QTY (INTEGER), RATE (INTEGER), AMT (INTEGER), DEPT (TEXT)"
"KOTDETAIL","19382","9","TABLE_NO (TEXT), WAITER (TEXT), SRNO (INTEGER), ITEM (TEXT), QTY (INTEGER), RATE (INTEGER), AMT (INTEGER), DATE (TIMESTAMP), KOTNO (TEXT)"
"KOTDETAIL_DAYEND","3031","9","TABLE_NO (TEXT), WAITER (TEXT), SRNO (INTEGER), ITEM (TEXT), QTY (INTEGER), RATE (INTEGER), AMT (INTEGER), DATE (TIMESTAMP), KOTNO (TEXT)"
"KOTFINAL","10625","6","KOTNO (TEXT), TABLE_NO (TEXT), WAITER (TEXT), TOTAL (INTEGER), DATE (TIMESTAMP), DAYKOT (TEXT)"
"KOTFINAL_DAYEND","2393","6","KOTNO (TEXT), TABLE_NO (TEXT), WAITER (TEXT), TOTAL (INTEGER), DATE (TIMESTAMP), DAYKOT (TEXT)"
"KOTTEMP","0","9","TABLE_NO (TEXT), WAITER (TEXT), SRNO (INTEGER), ITEM (TEXT), QTY (INTEGER), RATE (INTEGER), AMT (INTEGER), DATE (TIMESTAMP), DEPT (TEXT)"
"KOTTOTAL","1","2","ID (INTEGER), TOTAL (INTEGER)"
"LiqPurchase","0","16","code (INTEGER), tpno (INTEGER), billno (INTEGER), item (TEXT), packing (TEXT), unit (TEXT), batchno (INTEGER), qty (INTEGER), bottle (INTEGER), rate (INTEGER), amt (TEXT), brand (TEXT), Billdate (TIMESTAMP), type (TEXT), tpdate2 (TIMESTAMP), vndnm (TEXT)"
"LiqPurchaseFinal","0","19","code (INTEGER), name (TEXT), tpno (INTEGER), tpdate (TIMESTAMP), billno (INTEGER), billdate (TIMESTAMP), stampduty (DOUBLE PRECISION), cd (DOUBLE PRECISION), scheme (DOUBLE PRECISION), stocktran (DOUBLE PRECISION), carting (DOUBLE PRECISION), saleta (DOUBLE PRECISION), cs (DOUBLE PRECISION), sc (DOUBLE PRECISION), edu (DOUBLE PRECISION), total (DOUBLE PRECISION), taxamt (DOUBLE PRECISION), invamt (DOUBLE PRECISION), tpDate2 (TIMESTAMP)"
"Login","2","4","code (INTEGER), Uname (TEXT), passward (TEXT), clientid (TEXT)"
"Message","1","2","ID (INTEGER), messageText (TEXT)"
"NewBank","0","9","code (INTEGER), name (TEXT), acno (TEXT), shortname (TEXT), place (TEXT), cclimit (INTEGER), phone (TEXT), credit (DOUBLE PRECISION), debit (DOUBLE PRECISION)"
"NewCustomer","31","10","code (INTEGER), name (TEXT), address (TEXT), phone (TEXT), schedule (TEXT), card (INTEGER), discount (INTEGER), codeno (INTEGER), credit (INTEGER), debit (INTEGER)"
"NewFood","0","6","code (INTEGER), name (TEXT), stock (TEXT), packing (TEXT), unit (INTEGER), rate (INTEGER)"
"NewVendor","10","7","code (INTEGER), name (TEXT), address (TEXT), phone (TEXT), credit (INTEGER), debit (INTEGER), type (TEXT)"
"OtherPurchase","16","14","code (INTEGER), tpno (INTEGER), billno (INTEGER), item (TEXT), packing (TEXT), unit (TEXT), batchno (INTEGER), qty (INTEGER), bottle (INTEGER), rate (INTEGER), amt (TEXT), brand (TEXT), Billdate (TIMESTAMP), type (TEXT)"
"OtherPurchaseFinal","10","18","code (INTEGER), name (TEXT), tpno (INTEGER), tpdate (TIMESTAMP), billno (INTEGER), billdate (TIMESTAMP), stampduty (DOUBLE PRECISION), cd (DOUBLE PRECISION), scheme (DOUBLE PRECISION), stocktran (DOUBLE PRECISION), carting (DOUBLE PRECISION), saleta (DOUBLE PRECISION), cs (DOUBLE PRECISION), sc (DOUBLE PRECISION), edu (DOUBLE PRECISION), total (DOUBLE PRECISION), taxamt (DOUBLE PRECISION), invamt (DOUBLE PRECISION)"
"Paste Errors","0","21","code (TEXT), item (TEXT), stock (TEXT), dept (TEXT), type (TEXT), unit (INTEGER), packing (TEXT), salerate (INTEGER), exciserate (INTEGER), purchaserate (INTEGER), bottel (INTEGER), openingstock (INTEGER), FAMILYRATE (INTEGER), VIPRATE (INTEGER), ACRATE (INTEGER), WHOLESALE (INTEGER), BRAND (TEXT), Marathi (TEXT), VENDOR (TEXT), ExcBrandName (TEXT), ExcCode (TEXT)"
"Payment","0","9","code (INTEGER), date (TIMESTAMP), name (TEXT), narr (TEXT), type (TEXT), cq_dd_no (TEXT), commision (DOUBLE PRECISION), vendor (TEXT), amt (DOUBLE PRECISION)"
"PrintBillCount","1","2","id (INTEGER), billno (INTEGER)"
"PRINTERSETUP","3","2","ID (INTEGER), PATH (TEXT)"
"product_key","1","4","ID (INTEGER), serialkey (TEXT), pass (TEXT), Field1 (TEXT)"
"Receipt","95","8","code (INTEGER), date (TIMESTAMP), name (TEXT), narr (TEXT), pay_type (TEXT), cq_dd_no (TEXT), commision (INTEGER), amt (DOUBLE PRECISION)"
"rptdept_type","0","6","ITEM (TEXT), QTY (DOUBLE PRECISION), AMOUNT (DOUBLE PRECISION), TYPE (TEXT), DATETO (TIMESTAMP), DATEFROM (TIMESTAMP)"
"sectionwise_temp","481","17","BILLNO (INTEGER), TABLE_NO (TEXT), SRNO (INTEGER), ITEM (TEXT), QTY (INTEGER), RATE (INTEGER), AMT (INTEGER), DATE (TIMESTAMP), DEPT (TEXT), TYPE (TEXT), UNIT (INTEGER), PACKING (TEXT), BRAND (TEXT), BILLTYPE (TEXT), CLIENTID (INTEGER), OPERATOR (TEXT), SECTIONS (TEXT)"
"sectionwiseBillfinal_Temp","133","19","BILLNO (INTEGER), TABLE_NO (TEXT), WAITER (TEXT), DATE (TIMESTAMP), PAID (INTEGER), TYPE (TEXT), CUST_NAME (TEXT), SERVICE_CHARGE (INTEGER), DISCOUNT (INTEGER), TOTAL (INTEGER), BILLDAY (INTEGER), TIME (TIMESTAMP), CLIENTID (INTEGER), OPERATOR (TEXT), INTIME (TIMESTAMP), CGST (INTEGER), SGST (INTEGER), FOODTOT (INTEGER), SECTIONS (TEXT)"
"Setup","1","33","code (INTEGER), kotsetup (INTEGER), codeonoff (INTEGER), CounterCashDisplay (INTEGER), Waiteronoff (INTEGER), ServiceChargeOnOff (INTEGER), DIscountOnOff (INTEGER), Dateshow (INTEGER), DeptKot (INTEGER), ThermalPrint (INTEGER), WineShop (INTEGER), counterStock (INTEGER), LptPrinter (INTEGER), ExciseAddress (SMALLINT), PaidOnOff (INTEGER), Email (INTEGER), MarathiBill (INTEGER), DeptMultiPrinter (INTEGER), BillCorrLock (INTEGER), LiveCntStk (INTEGER), ResturantOnly (INTEGER), Gst (INTEGER), NewVersion (INTEGER), CounterCashAdmin (INTEGER), Sms (INTEGER), Barcode (INTEGER), PrintAllColumn (INTEGER), BillCorrLockBillPaid (INTEGER), BillDeptShow (INTEGER), AutoOpen (INTEGER), MINUSSTOCK (INTEGER), QRCodePrint (INTEGER), SelfDate (INTEGER)"
"softkey","1","4","ID (INTEGER), serialkey (TEXT), pass (TEXT), Field1 (TEXT)"
"SoftwareName","2","3","name (TEXT), vision (TEXT), rss (TEXT)"
"STK_CNTR_KEYPRESS","2923","2","DATE_TIME_NOW (TEXT), DATE_TIME_ENTER (TEXT)"
"stockcheck","0","16","code (INTEGER), item (TEXT), stock (TEXT), dept (TEXT), type (TEXT), unit (INTEGER), packing (TEXT), salerate (INTEGER), OPENING (INTEGER), OpenTemp (INTEGER), Purchase (INTEGER), SALE (INTEGER), CLOSING (INTEGER), BRAND (TEXT), TOTALPACK (INTEGER), DATE (TIMESTAMP)"
"TABLE_NO_GROP","6","2","ID (INTEGER), GROP (TEXT)"
"temp","1","3","code (INTEGER), amtrecipt (INTEGER), amtvoucher (INTEGER)"
"Voucher","6770","5","code (INTEGER), date (TIMESTAMP), name (TEXT), narr (TEXT), amt (DOUBLE PRECISION)"
"Waiter","4","6","code (INTEGER), name (TEXT), address (TEXT), mobile (TEXT), credit (DOUBLE PRECISION), debit (DOUBLE PRECISION)"
